{"_runtime":348.098951,"_step":31869,"_wandb":{"runtime":348},"loss":0.27952685952186584,"_timestamp":1.7504294535070138e+09}