{"_timestamp":1.750356891196672e+09,"_wandb":{"runtime":22},"_runtime":22.271477,"_step":398,"loss":0.042753711342811584}