{"_wandb":{"runtime":83},"loss":0.01927672140300274,"_timestamp":1.750412593264334e+09,"_runtime":83.780768,"_step":1196}