{"_timestamp":1.750428629085688e+09,"_runtime":120.652096,"_step":2999,"_wandb":{"runtime":120},"loss":0.08091674745082855}