{"loss":0.01920236274600029,"_timestamp":1.75042673107814e+09,"_runtime":2523.651022,"_step":39899,"_wandb":{"runtime":2523}}