{"_timestamp":1.750429097027075e+09,"_runtime":162.252041,"_step":7979,"loss":0.06486507505178452,"_wandb":{"runtime":162}}