{"_wandb":{"runtime":372},"loss":0.0022257755044847727,"_timestamp":1.7504302672818408e+09,"_runtime":372.267653,"_step":31869}