{"_step":1196,"_wandb":{"runtime":24},"loss":0.02624959871172905,"_timestamp":1.750408587030933e+09,"_runtime":24.625297}