{"loss":0.04073948413133621,"_wandb":{"runtime":81},"_timestamp":1.7504267375994618e+09,"_runtime":81.836271,"_step":1999}