{"_wandb":{"runtime":8},"_step":398,"loss":0.037890754640102386,"_timestamp":1.750356945982754e+09,"_runtime":8.842487}