{"loss":0.040041424334049225,"_timestamp":1.750414330370081e+09,"_runtime":41.35599,"_step":1994,"_wandb":{"runtime":41}}