{"_wandb":{"runtime":5},"_step":109,"loss":0.05531206354498863,"_timestamp":1.750427405412213e+09,"_runtime":5.143294}